ticker,simulated_time,interval_index,caching_policy,fresh_decision,cached_decision,matched,branch_taken,hit_or_miss
AAPL,2026-04-06T14:55:29.601410+00:00,13,none,HOLD,HOLD,True,news_sentiment,bypass
GOOG,2026-04-06T14:55:29.601410+00:00,13,none,HOLD,HOLD,True,trend,bypass
TSLA,2026-04-06T14:55:29.601410+00:00,13,none,BUY,BUY,True,trend,bypass
NVDA,2026-04-06T14:55:29.601410+00:00,13,none,HOLD,HOLD,True,news_sentiment,bypass
META,2026-04-06T14:55:29.601410+00:00,13,none,HOLD,HOLD,True,trend,bypass
COIN,2026-04-06T14:55:29.601410+00:00,13,none,HOLD,HOLD,True,trend,bypass
MARA,2026-04-06T14:55:29.601410+00:00,13,none,BUY,BUY,True,trend,bypass
HUT,2026-04-06T14:55:29.601410+00:00,13,none,HOLD,HOLD,True,trend,bypass
SOUN,2026-04-06T14:55:29.601410+00:00,13,none,BUY,BUY,True,trend,bypass
RIOT,2026-04-06T14:55:29.601410+00:00,13,none,HOLD,HOLD,True,trend,bypass
IREN,2026-04-06T14:55:29.601410+00:00,13,none,HOLD,HOLD,True,trend,bypass
AAPL,2026-04-06T14:55:49.601410+00:00,14,none,HOLD,HOLD,True,news_sentiment,bypass
GOOG,2026-04-06T14:55:49.601410+00:00,14,none,HOLD,HOLD,True,trend,bypass
TSLA,2026-04-06T14:55:49.601410+00:00,14,none,BUY,BUY,True,trend,bypass
NVDA,2026-04-06T14:55:49.601410+00:00,14,none,BUY,BUY,True,trend,bypass
META,2026-04-06T14:55:49.601410+00:00,14,none,HOLD,HOLD,True,trend,bypass
COIN,2026-04-06T14:55:49.601410+00:00,14,none,HOLD,HOLD,True,trend,bypass
MARA,2026-04-06T14:55:49.601410+00:00,14,none,BUY,BUY,True,trend,bypass
HUT,2026-04-06T14:55:49.601410+00:00,14,none,HOLD,HOLD,True,trend,bypass
SOUN,2026-04-06T14:55:49.601410+00:00,14,none,BUY,BUY,True,trend,bypass
IREN,2026-04-06T14:55:49.601410+00:00,14,none,HOLD,HOLD,True,trend,bypass
AAPL,2026-04-06T14:56:09.601410+00:00,15,none,HOLD,HOLD,True,news_sentiment,bypass
GOOG,2026-04-06T14:56:09.601410+00:00,15,none,HOLD,HOLD,True,trend,bypass
TSLA,2026-04-06T14:56:09.601410+00:00,15,none,BUY,BUY,True,trend,bypass
NVDA,2026-04-06T14:56:09.601410+00:00,15,none,BUY,BUY,True,trend,bypass
META,2026-04-06T14:56:09.601410+00:00,15,none,HOLD,HOLD,True,trend,bypass
COIN,2026-04-06T14:56:09.601410+00:00,15,none,HOLD,HOLD,True,trend,bypass
MARA,2026-04-06T14:56:09.601410+00:00,15,none,BUY,BUY,True,trend,bypass
HUT,2026-04-06T14:56:09.601410+00:00,15,none,HOLD,HOLD,True,trend,bypass
SOUN,2026-04-06T14:56:09.601410+00:00,15,none,BUY,BUY,True,trend,bypass
RIOT,2026-04-06T14:56:09.601410+00:00,15,none,HOLD,HOLD,True,trend,bypass
IREN,2026-04-06T14:56:09.601410+00:00,15,none,HOLD,HOLD,True,trend,bypass
AAPL,2026-04-06T14:56:29.601410+00:00,16,none,HOLD,HOLD,True,news_sentiment,bypass
GOOG,2026-04-06T14:56:29.601410+00:00,16,none,HOLD,HOLD,True,trend,bypass
TSLA,2026-04-06T14:56:29.601410+00:00,16,none,BUY,BUY,True,trend,bypass
NVDA,2026-04-06T14:56:29.601410+00:00,16,none,BUY,BUY,True,trend,bypass
META,2026-04-06T14:56:29.601410+00:00,16,none,HOLD,HOLD,True,trend,bypass
COIN,2026-04-06T14:56:29.601410+00:00,16,none,HOLD,HOLD,True,trend,bypass
MARA,2026-04-06T14:56:29.601410+00:00,16,none,BUY,BUY,True,trend,bypass
HUT,2026-04-06T14:56:29.601410+00:00,16,none,HOLD,HOLD,True,trend,bypass
SOUN,2026-04-06T14:56:29.601410+00:00,16,none,BUY,BUY,True,trend,bypass
RIOT,2026-04-06T14:56:29.601410+00:00,16,none,HOLD,HOLD,True,trend,bypass
IREN,2026-04-06T14:56:29.601410+00:00,16,none,HOLD,HOLD,True,trend,bypass
AAPL,2026-04-06T14:56:49.601410+00:00,17,none,HOLD,HOLD,True,news_sentiment,bypass
TSLA,2026-04-06T14:56:49.601410+00:00,17,none,BUY,BUY,True,trend,bypass
NVDA,2026-04-06T14:56:49.601410+00:00,17,none,BUY,BUY,True,trend,bypass
META,2026-04-06T14:56:49.601410+00:00,17,none,HOLD,HOLD,True,trend,bypass
COIN,2026-04-06T14:56:49.601410+00:00,17,none,HOLD,HOLD,True,trend,bypass
MARA,2026-04-06T14:56:49.601410+00:00,17,none,BUY,BUY,True,trend,bypass
HUT,2026-04-06T14:56:49.601410+00:00,17,none,HOLD,HOLD,True,trend,bypass
SOUN,2026-04-06T14:56:49.601410+00:00,17,none,BUY,BUY,True,trend,bypass
RIOT,2026-04-06T14:56:49.601410+00:00,17,none,HOLD,HOLD,True,trend,bypass
AAPL,2026-04-06T14:57:09.601410+00:00,18,none,HOLD,HOLD,True,news_sentiment,bypass
GOOG,2026-04-06T14:57:09.601410+00:00,18,none,HOLD,HOLD,True,trend,bypass
TSLA,2026-04-06T14:57:09.601410+00:00,18,none,BUY,BUY,True,trend,bypass
NVDA,2026-04-06T14:57:09.601410+00:00,18,none,BUY,BUY,True,trend,bypass
META,2026-04-06T14:57:09.601410+00:00,18,none,HOLD,HOLD,True,trend,bypass
MARA,2026-04-06T14:57:09.601410+00:00,18,none,BUY,BUY,True,trend,bypass
HUT,2026-04-06T14:57:09.601410+00:00,18,none,HOLD,HOLD,True,trend,bypass
SOUN,2026-04-06T14:57:09.601410+00:00,18,none,BUY,BUY,True,trend,bypass
RIOT,2026-04-06T14:57:09.601410+00:00,18,none,HOLD,HOLD,True,trend,bypass
IREN,2026-04-06T14:57:09.601410+00:00,18,none,HOLD,HOLD,True,trend,bypass
AAPL,2026-04-06T14:57:29.601410+00:00,19,none,HOLD,HOLD,True,news_sentiment,bypass
GOOG,2026-04-06T14:57:29.601410+00:00,19,none,HOLD,HOLD,True,trend,bypass
TSLA,2026-04-06T14:57:29.601410+00:00,19,none,BUY,BUY,True,trend,bypass
NVDA,2026-04-06T14:57:29.601410+00:00,19,none,BUY,BUY,True,trend,bypass
META,2026-04-06T14:57:29.601410+00:00,19,none,HOLD,HOLD,True,trend,bypass
MARA,2026-04-06T14:57:29.601410+00:00,19,none,BUY,BUY,True,trend,bypass
HUT,2026-04-06T14:57:29.601410+00:00,19,none,HOLD,HOLD,True,trend,bypass
SOUN,2026-04-06T14:57:29.601410+00:00,19,none,BUY,BUY,True,trend,bypass
RIOT,2026-04-06T14:57:29.601410+00:00,19,none,HOLD,HOLD,True,trend,bypass
IREN,2026-04-06T14:57:29.601410+00:00,19,none,HOLD,HOLD,True,trend,bypass
AAPL,2026-04-06T14:57:49.601410+00:00,20,none,HOLD,HOLD,True,news_sentiment,bypass
GOOG,2026-04-06T14:57:49.601410+00:00,20,none,HOLD,HOLD,True,trend,bypass
TSLA,2026-04-06T14:57:49.601410+00:00,20,none,BUY,BUY,True,trend,bypass
NVDA,2026-04-06T14:57:49.601410+00:00,20,none,BUY,BUY,True,trend,bypass
META,2026-04-06T14:57:49.601410+00:00,20,none,HOLD,HOLD,True,trend,bypass
COIN,2026-04-06T14:57:49.601410+00:00,20,none,HOLD,HOLD,True,trend,bypass
MARA,2026-04-06T14:57:49.601410+00:00,20,none,BUY,BUY,True,trend,bypass
HUT,2026-04-06T14:57:49.601410+00:00,20,none,HOLD,HOLD,True,trend,bypass
SOUN,2026-04-06T14:57:49.601410+00:00,20,none,BUY,BUY,True,trend,bypass
RIOT,2026-04-06T14:57:49.601410+00:00,20,none,HOLD,HOLD,True,trend,bypass
IREN,2026-04-06T14:57:49.601410+00:00,20,none,HOLD,HOLD,True,trend,bypass
AAPL,2026-04-06T14:58:09.601410+00:00,21,none,HOLD,HOLD,True,news_sentiment,bypass
GOOG,2026-04-06T14:58:09.601410+00:00,21,none,HOLD,HOLD,True,trend,bypass
TSLA,2026-04-06T14:58:09.601410+00:00,21,none,BUY,BUY,True,trend,bypass
NVDA,2026-04-06T14:58:09.601410+00:00,21,none,BUY,BUY,True,trend,bypass
META,2026-04-06T14:58:09.601410+00:00,21,none,HOLD,HOLD,True,trend,bypass
COIN,2026-04-06T14:58:09.601410+00:00,21,none,HOLD,HOLD,True,trend,bypass
MARA,2026-04-06T14:58:09.601410+00:00,21,none,BUY,BUY,True,trend,bypass
HUT,2026-04-06T14:58:09.601410+00:00,21,none,HOLD,HOLD,True,trend,bypass
SOUN,2026-04-06T14:58:09.601410+00:00,21,none,BUY,BUY,True,trend,bypass
RIOT,2026-04-06T14:58:09.601410+00:00,21,none,HOLD,HOLD,True,trend,bypass
IREN,2026-04-06T14:58:09.601410+00:00,21,none,HOLD,HOLD,True,trend,bypass
GOOG,2026-04-06T14:58:29.601410+00:00,22,none,HOLD,HOLD,True,trend,bypass
NVDA,2026-04-06T14:58:29.601410+00:00,22,none,HOLD,HOLD,True,news_sentiment,bypass
META,2026-04-06T14:58:29.601410+00:00,22,none,HOLD,HOLD,True,trend,bypass
COIN,2026-04-06T14:58:29.601410+00:00,22,none,HOLD,HOLD,True,trend,bypass
MARA,2026-04-06T14:58:29.601410+00:00,22,none,BUY,BUY,True,trend,bypass
HUT,2026-04-06T14:58:29.601410+00:00,22,none,HOLD,HOLD,True,trend,bypass
SOUN,2026-04-06T14:58:29.601410+00:00,22,none,BUY,BUY,True,trend,bypass
RIOT,2026-04-06T14:58:29.601410+00:00,22,none,HOLD,HOLD,True,trend,bypass
IREN,2026-04-06T14:58:29.601410+00:00,22,none,HOLD,HOLD,True,trend,bypass
AAPL,2026-04-06T14:58:49.601410+00:00,23,none,HOLD,HOLD,True,news_sentiment,bypass
GOOG,2026-04-06T14:58:49.601410+00:00,23,none,HOLD,HOLD,True,trend,bypass
TSLA,2026-04-06T14:58:49.601410+00:00,23,none,BUY,BUY,True,trend,bypass
NVDA,2026-04-06T14:58:49.601410+00:00,23,none,HOLD,HOLD,True,news_sentiment,bypass
META,2026-04-06T14:58:49.601410+00:00,23,none,HOLD,HOLD,True,trend,bypass
COIN,2026-04-06T14:58:49.601410+00:00,23,none,HOLD,HOLD,True,trend,bypass
MARA,2026-04-06T14:58:49.601410+00:00,23,none,BUY,BUY,True,trend,bypass
HUT,2026-04-06T14:58:49.601410+00:00,23,none,HOLD,HOLD,True,trend,bypass
SOUN,2026-04-06T14:58:49.601410+00:00,23,none,BUY,BUY,True,trend,bypass
RIOT,2026-04-06T14:58:49.601410+00:00,23,none,HOLD,HOLD,True,trend,bypass
IREN,2026-04-06T14:58:49.601410+00:00,23,none,HOLD,HOLD,True,trend,bypass
AAPL,2026-04-06T14:59:09.601410+00:00,24,none,HOLD,HOLD,True,news_sentiment,bypass
GOOG,2026-04-06T14:59:09.601410+00:00,24,none,HOLD,HOLD,True,trend,bypass
TSLA,2026-04-06T14:59:09.601410+00:00,24,none,BUY,BUY,True,trend,bypass
NVDA,2026-04-06T14:59:09.601410+00:00,24,none,HOLD,HOLD,True,news_sentiment,bypass
META,2026-04-06T14:59:09.601410+00:00,24,none,HOLD,HOLD,True,trend,bypass
COIN,2026-04-06T14:59:09.601410+00:00,24,none,HOLD,HOLD,True,trend,bypass
MARA,2026-04-06T14:59:09.601410+00:00,24,none,BUY,BUY,True,trend,bypass
HUT,2026-04-06T14:59:09.601410+00:00,24,none,HOLD,HOLD,True,trend,bypass
SOUN,2026-04-06T14:59:09.601410+00:00,24,none,BUY,BUY,True,trend,bypass
RIOT,2026-04-06T14:59:09.601410+00:00,24,none,HOLD,HOLD,True,trend,bypass
IREN,2026-04-06T14:59:09.601410+00:00,24,none,HOLD,HOLD,True,trend,bypass
AAPL,2026-04-06T14:59:29.601410+00:00,25,none,HOLD,HOLD,True,news_sentiment,bypass
TSLA,2026-04-06T14:59:29.601410+00:00,25,none,BUY,BUY,True,trend,bypass
NVDA,2026-04-06T14:59:29.601410+00:00,25,none,BUY,BUY,True,trend,bypass
META,2026-04-06T14:59:29.601410+00:00,25,none,HOLD,HOLD,True,trend,bypass
COIN,2026-04-06T14:59:29.601410+00:00,25,none,HOLD,HOLD,True,trend,bypass
MARA,2026-04-06T14:59:29.601410+00:00,25,none,BUY,BUY,True,trend,bypass
HUT,2026-04-06T14:59:29.601410+00:00,25,none,HOLD,HOLD,True,trend,bypass
RIOT,2026-04-06T14:59:29.601410+00:00,25,none,HOLD,HOLD,True,trend,bypass
IREN,2026-04-06T14:59:29.601410+00:00,25,none,HOLD,HOLD,True,trend,bypass
GOOG,2026-04-06T14:59:49.601410+00:00,26,none,HOLD,HOLD,True,trend,bypass
TSLA,2026-04-06T14:59:49.601410+00:00,26,none,BUY,BUY,True,trend,bypass
NVDA,2026-04-06T14:59:49.601410+00:00,26,none,HOLD,HOLD,True,news_sentiment,bypass
META,2026-04-06T14:59:49.601410+00:00,26,none,HOLD,HOLD,True,trend,bypass
COIN,2026-04-06T14:59:49.601410+00:00,26,none,HOLD,HOLD,True,trend,bypass
MARA,2026-04-06T14:59:49.601410+00:00,26,none,BUY,BUY,True,trend,bypass
SOUN,2026-04-06T14:59:49.601410+00:00,26,none,BUY,BUY,True,trend,bypass
RIOT,2026-04-06T14:59:49.601410+00:00,26,none,HOLD,HOLD,True,trend,bypass
IREN,2026-04-06T14:59:49.601410+00:00,26,none,HOLD,HOLD,True,trend,bypass
AAPL,2026-04-06T15:00:09.601410+00:00,27,none,HOLD,HOLD,True,news_sentiment,bypass
GOOG,2026-04-06T15:00:09.601410+00:00,27,none,HOLD,HOLD,True,trend,bypass
TSLA,2026-04-06T15:00:09.601410+00:00,27,none,BUY,BUY,True,trend,bypass
NVDA,2026-04-06T15:00:09.601410+00:00,27,none,HOLD,HOLD,True,news_sentiment,bypass
META,2026-04-06T15:00:09.601410+00:00,27,none,HOLD,HOLD,True,trend,bypass
COIN,2026-04-06T15:00:09.601410+00:00,27,none,HOLD,HOLD,True,trend,bypass
MARA,2026-04-06T15:00:09.601410+00:00,27,none,BUY,BUY,True,trend,bypass
HUT,2026-04-06T15:00:09.601410+00:00,27,none,HOLD,HOLD,True,trend,bypass
RIOT,2026-04-06T15:00:09.601410+00:00,27,none,HOLD,HOLD,True,trend,bypass
IREN,2026-04-06T15:00:09.601410+00:00,27,none,HOLD,HOLD,True,trend,bypass
AAPL,2026-04-06T15:00:29.601410+00:00,28,none,HOLD,HOLD,True,news_sentiment,bypass
GOOG,2026-04-06T15:00:29.601410+00:00,28,none,HOLD,HOLD,True,trend,bypass
TSLA,2026-04-06T15:00:29.601410+00:00,28,none,BUY,BUY,True,trend,bypass
NVDA,2026-04-06T15:00:29.601410+00:00,28,none,BUY,BUY,True,trend,bypass
META,2026-04-06T15:00:29.601410+00:00,28,none,HOLD,HOLD,True,trend,bypass
COIN,2026-04-06T15:00:29.601410+00:00,28,none,HOLD,HOLD,True,trend,bypass
MARA,2026-04-06T15:00:29.601410+00:00,28,none,BUY,BUY,True,trend,bypass
HUT,2026-04-06T15:00:29.601410+00:00,28,none,HOLD,HOLD,True,trend,bypass
SOUN,2026-04-06T15:00:29.601410+00:00,28,none,BUY,BUY,True,trend,bypass
RIOT,2026-04-06T15:00:29.601410+00:00,28,none,HOLD,HOLD,True,trend,bypass
IREN,2026-04-06T15:00:29.601410+00:00,28,none,HOLD,HOLD,True,trend,bypass
AAPL,2026-04-06T15:00:49.601410+00:00,29,none,HOLD,HOLD,True,news_sentiment,bypass
GOOG,2026-04-06T15:00:49.601410+00:00,29,none,HOLD,HOLD,True,trend,bypass
TSLA,2026-04-06T15:00:49.601410+00:00,29,none,BUY,BUY,True,trend,bypass
NVDA,2026-04-06T15:00:49.601410+00:00,29,none,BUY,BUY,True,trend,bypass
META,2026-04-06T15:00:49.601410+00:00,29,none,HOLD,HOLD,True,trend,bypass
COIN,2026-04-06T15:00:49.601410+00:00,29,none,HOLD,HOLD,True,trend,bypass
MARA,2026-04-06T15:00:49.601410+00:00,29,none,BUY,BUY,True,trend,bypass
HUT,2026-04-06T15:00:49.601410+00:00,29,none,HOLD,HOLD,True,trend,bypass
SOUN,2026-04-06T15:00:49.601410+00:00,29,none,BUY,BUY,True,trend,bypass
RIOT,2026-04-06T15:00:49.601410+00:00,29,none,HOLD,HOLD,True,trend,bypass
IREN,2026-04-06T15:01:09.601410+00:00,30,none,HOLD,HOLD,True,trend,bypass
GOOG,2026-04-06T15:01:09.601410+00:00,30,none,HOLD,HOLD,True,trend,bypass
TSLA,2026-04-06T15:01:09.601410+00:00,30,none,BUY,BUY,True,trend,bypass
NVDA,2026-04-06T15:01:09.601410+00:00,30,none,BUY,BUY,True,trend,bypass
META,2026-04-06T15:01:09.601410+00:00,30,none,HOLD,HOLD,True,trend,bypass
MARA,2026-04-06T15:01:09.601410+00:00,30,none,BUY,BUY,True,trend,bypass
HUT,2026-04-06T15:01:09.601410+00:00,30,none,HOLD,HOLD,True,trend,bypass
SOUN,2026-04-06T15:01:09.601410+00:00,30,none,BUY,BUY,True,trend,bypass
RIOT,2026-04-06T15:01:29.601410+00:00,31,none,HOLD,HOLD,True,trend,bypass
IREN,2026-04-06T15:01:29.601410+00:00,31,none,HOLD,HOLD,True,trend,bypass
AAPL,2026-04-06T15:01:29.601410+00:00,31,none,HOLD,HOLD,True,news_sentiment,bypass
GOOG,2026-04-06T15:01:29.601410+00:00,31,none,HOLD,HOLD,True,trend,bypass
TSLA,2026-04-06T15:01:29.601410+00:00,31,none,BUY,BUY,True,trend,bypass
NVDA,2026-04-06T15:01:29.601410+00:00,31,none,BUY,BUY,True,trend,bypass
META,2026-04-06T15:01:29.601410+00:00,31,none,HOLD,HOLD,True,trend,bypass
COIN,2026-04-06T15:01:29.601410+00:00,31,none,HOLD,HOLD,True,trend,bypass
MARA,2026-04-06T15:01:29.601410+00:00,31,none,BUY,BUY,True,trend,bypass
HUT,2026-04-06T15:01:29.601410+00:00,31,none,HOLD,HOLD,True,trend,bypass
SOUN,2026-04-06T15:01:49.601410+00:00,32,none,BUY,BUY,True,trend,bypass
RIOT,2026-04-06T15:01:49.601410+00:00,32,none,HOLD,HOLD,True,trend,bypass
IREN,2026-04-06T15:01:49.601410+00:00,32,none,HOLD,HOLD,True,trend,bypass
AAPL,2026-04-06T15:01:49.601410+00:00,32,none,HOLD,HOLD,True,news_sentiment,bypass
GOOG,2026-04-06T15:01:49.601410+00:00,32,none,HOLD,HOLD,True,trend,bypass
TSLA,2026-04-06T15:01:49.601410+00:00,32,none,BUY,BUY,True,trend,bypass
NVDA,2026-04-06T15:01:49.601410+00:00,32,none,BUY,BUY,True,trend,bypass
META,2026-04-06T15:01:49.601410+00:00,32,none,HOLD,HOLD,True,trend,bypass
COIN,2026-04-06T15:01:49.601410+00:00,32,none,HOLD,HOLD,True,trend,bypass
MARA,2026-04-06T15:02:09.601410+00:00,33,none,BUY,BUY,True,trend,bypass
HUT,2026-04-06T15:02:09.601410+00:00,33,none,HOLD,HOLD,True,trend,bypass
SOUN,2026-04-06T15:02:09.601410+00:00,33,none,BUY,BUY,True,trend,bypass
RIOT,2026-04-06T15:02:09.601410+00:00,33,none,HOLD,HOLD,True,trend,bypass
IREN,2026-04-06T15:02:09.601410+00:00,33,none,HOLD,HOLD,True,trend,bypass
AAPL,2026-04-06T15:02:09.601410+00:00,33,none,HOLD,HOLD,True,news_sentiment,bypass
GOOG,2026-04-06T15:02:09.601410+00:00,33,none,HOLD,HOLD,True,trend,bypass
TSLA,2026-04-06T15:02:09.601410+00:00,33,none,BUY,BUY,True,trend,bypass
NVDA,2026-04-06T15:02:09.601410+00:00,33,none,BUY,BUY,True,trend,bypass
META,2026-04-06T15:02:09.601410+00:00,33,none,HOLD,HOLD,True,trend,bypass
COIN,2026-04-06T15:02:09.601410+00:00,33,none,HOLD,HOLD,True,trend,bypass
MARA,2026-04-06T15:02:09.601410+00:00,33,none,BUY,BUY,True,trend,bypass
HUT,2026-04-06T15:02:29.601410+00:00,34,none,HOLD,HOLD,True,trend,bypass
SOUN,2026-04-06T15:02:29.601410+00:00,34,none,BUY,BUY,True,trend,bypass
RIOT,2026-04-06T15:02:29.601410+00:00,34,none,HOLD,HOLD,True,trend,bypass
IREN,2026-04-06T15:02:29.601410+00:00,34,none,HOLD,HOLD,True,trend,bypass
AAPL,2026-04-06T15:02:29.601410+00:00,34,none,HOLD,HOLD,True,news_sentiment,bypass
GOOG,2026-04-06T15:02:29.601410+00:00,34,none,HOLD,HOLD,True,trend,bypass
TSLA,2026-04-06T15:02:29.601410+00:00,34,none,BUY,BUY,True,trend,bypass
NVDA,2026-04-06T15:02:29.601410+00:00,34,none,BUY,BUY,True,trend,bypass
META,2026-04-06T15:02:49.601410+00:00,35,none,HOLD,HOLD,True,trend,bypass
COIN,2026-04-06T15:02:49.601410+00:00,35,none,HOLD,HOLD,True,trend,bypass
MARA,2026-04-06T15:02:49.601410+00:00,35,none,BUY,BUY,True,trend,bypass
HUT,2026-04-06T15:02:49.601410+00:00,35,none,HOLD,HOLD,True,trend,bypass
SOUN,2026-04-06T15:02:49.601410+00:00,35,none,BUY,BUY,True,trend,bypass
RIOT,2026-04-06T15:02:49.601410+00:00,35,none,HOLD,HOLD,True,trend,bypass
IREN,2026-04-06T15:02:49.601410+00:00,35,none,HOLD,HOLD,True,trend,bypass
AAPL,2026-04-06T15:02:49.601410+00:00,35,none,HOLD,HOLD,True,news_sentiment,bypass
GOOG,2026-04-06T15:02:49.601410+00:00,35,none,HOLD,HOLD,True,trend,bypass
TSLA,2026-04-06T15:02:49.601410+00:00,35,none,BUY,BUY,True,trend,bypass
NVDA,2026-04-06T15:02:49.601410+00:00,35,none,BUY,BUY,True,trend,bypass
META,2026-04-06T15:03:09.601410+00:00,36,none,HOLD,HOLD,True,trend,bypass
COIN,2026-04-06T15:03:09.601410+00:00,36,none,HOLD,HOLD,True,trend,bypass
MARA,2026-04-06T15:03:09.601410+00:00,36,none,BUY,BUY,True,trend,bypass
HUT,2026-04-06T15:03:09.601410+00:00,36,none,HOLD,HOLD,True,trend,bypass
SOUN,2026-04-06T15:03:09.601410+00:00,36,none,BUY,BUY,True,trend,bypass
RIOT,2026-04-06T15:03:09.601410+00:00,36,none,HOLD,HOLD,True,trend,bypass
IREN,2026-04-06T15:03:09.601410+00:00,36,none,HOLD,HOLD,True,trend,bypass
AAPL,2026-04-06T15:03:09.601410+00:00,36,none,HOLD,HOLD,True,news_sentiment,bypass
GOOG,2026-04-06T15:03:09.601410+00:00,36,none,HOLD,HOLD,True,trend,bypass
TSLA,2026-04-06T15:03:09.601410+00:00,36,none,BUY,BUY,True,trend,bypass
NVDA,2026-04-06T15:03:09.601410+00:00,36,none,BUY,BUY,True,trend,bypass
META,2026-04-06T15:03:09.601410+00:00,36,none,HOLD,HOLD,True,trend,bypass
COIN,2026-04-06T15:03:29.601410+00:00,37,none,HOLD,HOLD,True,trend,bypass
MARA,2026-04-06T15:03:29.601410+00:00,37,none,BUY,BUY,True,trend,bypass
HUT,2026-04-06T15:03:29.601410+00:00,37,none,HOLD,HOLD,True,trend,bypass
SOUN,2026-04-06T15:03:29.601410+00:00,37,none,BUY,BUY,True,trend,bypass
RIOT,2026-04-06T15:03:29.601410+00:00,37,none,HOLD,HOLD,True,trend,bypass
IREN,2026-04-06T15:03:29.601410+00:00,37,none,HOLD,HOLD,True,trend,bypass
AAPL,2026-04-06T15:03:29.601410+00:00,37,none,HOLD,HOLD,True,news_sentiment,bypass
GOOG,2026-04-06T15:03:29.601410+00:00,37,none,HOLD,HOLD,True,trend,bypass
TSLA,2026-04-06T15:03:29.601410+00:00,37,none,BUY,BUY,True,trend,bypass
META,2026-04-06T15:03:49.601410+00:00,38,none,HOLD,HOLD,True,trend,bypass
COIN,2026-04-06T15:03:49.601410+00:00,38,none,HOLD,HOLD,True,trend,bypass
MARA,2026-04-06T15:03:49.601410+00:00,38,none,BUY,BUY,True,trend,bypass
SOUN,2026-04-06T15:03:49.601410+00:00,38,none,BUY,BUY,True,trend,bypass
RIOT,2026-04-06T15:03:49.601410+00:00,38,none,HOLD,HOLD,True,trend,bypass
IREN,2026-04-06T15:03:49.601410+00:00,38,none,HOLD,HOLD,True,trend,bypass
AAPL,2026-04-06T15:03:49.601410+00:00,38,none,HOLD,HOLD,True,news_sentiment,bypass
GOOG,2026-04-06T15:03:49.601410+00:00,38,none,HOLD,HOLD,True,trend,bypass
TSLA,2026-04-06T15:03:49.601410+00:00,38,none,BUY,BUY,True,trend,bypass
NVDA,2026-04-06T15:04:09.601410+00:00,39,none,BUY,BUY,True,trend,bypass
META,2026-04-06T15:04:09.601410+00:00,39,none,HOLD,HOLD,True,trend,bypass
COIN,2026-04-06T15:04:09.601410+00:00,39,none,HOLD,HOLD,True,trend,bypass
MARA,2026-04-06T15:04:09.601410+00:00,39,none,BUY,BUY,True,trend,bypass
HUT,2026-04-06T15:04:09.601410+00:00,39,none,HOLD,HOLD,True,trend,bypass
SOUN,2026-04-06T15:04:09.601410+00:00,39,none,BUY,BUY,True,trend,bypass
RIOT,2026-04-06T15:04:09.601410+00:00,39,none,SELL,SELL,True,trend,bypass
IREN,2026-04-06T15:04:09.601410+00:00,39,none,HOLD,HOLD,True,trend,bypass
AAPL,2026-04-06T15:04:09.601410+00:00,39,none,HOLD,HOLD,True,news_sentiment,bypass
GOOG,2026-04-06T15:04:29.601410+00:00,40,none,HOLD,HOLD,True,trend,bypass
TSLA,2026-04-06T15:04:29.601410+00:00,40,none,BUY,BUY,True,trend,bypass
NVDA,2026-04-06T15:04:29.601410+00:00,40,none,BUY,BUY,True,trend,bypass
COIN,2026-04-06T15:04:29.601410+00:00,40,none,HOLD,HOLD,True,trend,bypass
MARA,2026-04-06T15:04:29.601410+00:00,40,none,BUY,BUY,True,trend,bypass
HUT,2026-04-06T15:04:29.601410+00:00,40,none,HOLD,HOLD,True,trend,bypass
SOUN,2026-04-06T15:04:29.601410+00:00,40,none,BUY,BUY,True,trend,bypass
RIOT,2026-04-06T15:04:29.601410+00:00,40,none,SELL,SELL,True,trend,bypass
IREN,2026-04-06T15:04:29.601410+00:00,40,none,HOLD,HOLD,True,trend,bypass
AAPL,2026-04-06T15:04:49.601410+00:00,41,none,HOLD,HOLD,True,news_sentiment,bypass
GOOG,2026-04-06T15:04:49.601410+00:00,41,none,HOLD,HOLD,True,trend,bypass
TSLA,2026-04-06T15:04:49.601410+00:00,41,none,BUY,BUY,True,trend,bypass
NVDA,2026-04-06T15:04:49.601410+00:00,41,none,BUY,BUY,True,trend,bypass
COIN,2026-04-06T15:04:49.601410+00:00,41,none,HOLD,HOLD,True,trend,bypass
MARA,2026-04-06T15:04:49.601410+00:00,41,none,BUY,BUY,True,trend,bypass
HUT,2026-04-06T15:04:49.601410+00:00,41,none,HOLD,HOLD,True,trend,bypass
SOUN,2026-04-06T15:04:49.601410+00:00,41,none,BUY,BUY,True,trend,bypass
RIOT,2026-04-06T15:04:49.601410+00:00,41,none,SELL,SELL,True,trend,bypass
IREN,2026-04-06T15:04:49.601410+00:00,41,none,HOLD,HOLD,True,trend,bypass
AAPL,2026-04-06T15:04:49.601410+00:00,41,none,HOLD,HOLD,True,news_sentiment,bypass
GOOG,2026-04-06T15:05:09.601410+00:00,42,none,HOLD,HOLD,True,trend,bypass
TSLA,2026-04-06T15:05:09.601410+00:00,42,none,BUY,BUY,True,trend,bypass
META,2026-04-06T15:05:09.601410+00:00,42,none,HOLD,HOLD,True,trend,bypass
COIN,2026-04-06T15:05:09.601410+00:00,42,none,HOLD,HOLD,True,trend,bypass
MARA,2026-04-06T15:05:09.601410+00:00,42,none,BUY,BUY,True,trend,bypass
SOUN,2026-04-06T15:05:09.601410+00:00,42,none,BUY,BUY,True,trend,bypass
RIOT,2026-04-06T15:05:09.601410+00:00,42,none,HOLD,HOLD,True,trend,bypass
IREN,2026-04-06T15:05:09.601410+00:00,42,none,HOLD,HOLD,True,trend,bypass
AAPL,2026-04-06T15:05:29.601410+00:00,43,none,HOLD,HOLD,True,news_sentiment,bypass
GOOG,2026-04-06T15:05:29.601410+00:00,43,none,HOLD,HOLD,True,trend,bypass
TSLA,2026-04-06T15:05:29.601410+00:00,43,none,BUY,BUY,True,trend,bypass
NVDA,2026-04-06T15:05:29.601410+00:00,43,none,BUY,BUY,True,trend,bypass
META,2026-04-06T15:05:29.601410+00:00,43,none,HOLD,HOLD,True,trend,bypass
COIN,2026-04-06T15:05:29.601410+00:00,43,none,HOLD,HOLD,True,trend,bypass
MARA,2026-04-06T15:05:29.601410+00:00,43,none,BUY,BUY,True,trend,bypass
HUT,2026-04-06T15:05:29.601410+00:00,43,none,HOLD,HOLD,True,trend,bypass
SOUN,2026-04-06T15:05:29.601410+00:00,43,none,BUY,BUY,True,trend,bypass
RIOT,2026-04-06T15:05:29.601410+00:00,43,none,HOLD,HOLD,True,trend,bypass
IREN,2026-04-06T15:05:29.601410+00:00,43,none,HOLD,HOLD,True,trend,bypass
AAPL,2026-04-06T15:05:49.601410+00:00,44,none,HOLD,HOLD,True,news_sentiment,bypass
GOOG,2026-04-06T15:05:49.601410+00:00,44,none,HOLD,HOLD,True,trend,bypass
TSLA,2026-04-06T15:05:49.601410+00:00,44,none,BUY,BUY,True,trend,bypass
NVDA,2026-04-06T15:05:49.601410+00:00,44,none,HOLD,HOLD,True,news_sentiment,bypass
META,2026-04-06T15:05:49.601410+00:00,44,none,HOLD,HOLD,True,trend,bypass
COIN,2026-04-06T15:05:49.601410+00:00,44,none,HOLD,HOLD,True,trend,bypass
MARA,2026-04-06T15:05:49.601410+00:00,44,none,BUY,BUY,True,trend,bypass
HUT,2026-04-06T15:05:49.601410+00:00,44,none,HOLD,HOLD,True,trend,bypass
SOUN,2026-04-06T15:05:49.601410+00:00,44,none,BUY,BUY,True,trend,bypass
RIOT,2026-04-06T15:05:49.601410+00:00,44,none,HOLD,HOLD,True,trend,bypass
IREN,2026-04-06T15:05:49.601410+00:00,44,none,HOLD,HOLD,True,trend,bypass
AAPL,2026-04-06T15:06:09.601410+00:00,45,none,HOLD,HOLD,True,news_sentiment,bypass
GOOG,2026-04-06T15:06:09.601410+00:00,45,none,HOLD,HOLD,True,trend,bypass
TSLA,2026-04-06T15:06:09.601410+00:00,45,none,BUY,BUY,True,trend,bypass
NVDA,2026-04-06T15:06:09.601410+00:00,45,none,HOLD,HOLD,True,news_sentiment,bypass
COIN,2026-04-06T15:06:09.601410+00:00,45,none,HOLD,HOLD,True,trend,bypass
MARA,2026-04-06T15:06:09.601410+00:00,45,none,BUY,BUY,True,trend,bypass
HUT,2026-04-06T15:06:09.601410+00:00,45,none,HOLD,HOLD,True,trend,bypass
SOUN,2026-04-06T15:06:09.601410+00:00,45,none,BUY,BUY,True,trend,bypass
RIOT,2026-04-06T15:06:09.601410+00:00,45,none,HOLD,HOLD,True,trend,bypass
IREN,2026-04-06T15:06:09.601410+00:00,45,none,HOLD,HOLD,True,trend,bypass
AAPL,2026-04-06T15:06:29.601410+00:00,46,none,HOLD,HOLD,True,news_sentiment,bypass
GOOG,2026-04-06T15:06:29.601410+00:00,46,none,HOLD,HOLD,True,trend,bypass
TSLA,2026-04-06T15:06:29.601410+00:00,46,none,BUY,BUY,True,trend,bypass
NVDA,2026-04-06T15:06:29.601410+00:00,46,none,HOLD,HOLD,True,news_sentiment,bypass
META,2026-04-06T15:06:29.601410+00:00,46,none,HOLD,HOLD,True,trend,bypass
COIN,2026-04-06T15:06:29.601410+00:00,46,none,HOLD,HOLD,True,trend,bypass
MARA,2026-04-06T15:06:29.601410+00:00,46,none,BUY,BUY,True,trend,bypass
SOUN,2026-04-06T15:06:29.601410+00:00,46,none,BUY,BUY,True,trend,bypass
RIOT,2026-04-06T15:06:29.601410+00:00,46,none,HOLD,HOLD,True,trend,bypass
IREN,2026-04-06T15:06:29.601410+00:00,46,none,HOLD,HOLD,True,trend,bypass
AAPL,2026-04-06T15:06:49.601410+00:00,47,none,HOLD,HOLD,True,news_sentiment,bypass
GOOG,2026-04-06T15:06:49.601410+00:00,47,none,HOLD,HOLD,True,trend,bypass
NVDA,2026-04-06T15:06:49.601410+00:00,47,none,HOLD,HOLD,True,news_sentiment,bypass
META,2026-04-06T15:06:49.601410+00:00,47,none,HOLD,HOLD,True,trend,bypass
COIN,2026-04-06T15:06:49.601410+00:00,47,none,HOLD,HOLD,True,trend,bypass
MARA,2026-04-06T15:06:49.601410+00:00,47,none,BUY,BUY,True,trend,bypass
HUT,2026-04-06T15:06:49.601410+00:00,47,none,HOLD,HOLD,True,trend,bypass
SOUN,2026-04-06T15:06:49.601410+00:00,47,none,BUY,BUY,True,trend,bypass
RIOT,2026-04-06T15:06:49.601410+00:00,47,none,HOLD,HOLD,True,trend,bypass
IREN,2026-04-06T15:06:49.601410+00:00,47,none,HOLD,HOLD,True,trend,bypass
AAPL,2026-04-06T15:07:09.601410+00:00,48,none,HOLD,HOLD,True,news_sentiment,bypass
GOOG,2026-04-06T15:07:09.601410+00:00,48,none,HOLD,HOLD,True,trend,bypass
TSLA,2026-04-06T15:07:09.601410+00:00,48,none,BUY,BUY,True,trend,bypass
NVDA,2026-04-06T15:07:09.601410+00:00,48,none,HOLD,HOLD,True,news_sentiment,bypass
META,2026-04-06T15:07:09.601410+00:00,48,none,HOLD,HOLD,True,trend,bypass
COIN,2026-04-06T15:07:09.601410+00:00,48,none,BUY,BUY,True,trend,bypass
MARA,2026-04-06T15:07:09.601410+00:00,48,none,BUY,BUY,True,trend,bypass
HUT,2026-04-06T15:07:09.601410+00:00,48,none,HOLD,HOLD,True,trend,bypass
SOUN,2026-04-06T15:07:09.601410+00:00,48,none,BUY,BUY,True,trend,bypass
RIOT,2026-04-06T15:07:09.601410+00:00,48,none,HOLD,HOLD,True,trend,bypass
IREN,2026-04-06T15:07:09.601410+00:00,48,none,HOLD,HOLD,True,trend,bypass
AAPL,2026-04-06T15:07:29.601410+00:00,49,none,HOLD,HOLD,True,news_sentiment,bypass
GOOG,2026-04-06T15:07:29.601410+00:00,49,none,HOLD,HOLD,True,trend,bypass
TSLA,2026-04-06T15:07:29.601410+00:00,49,none,BUY,BUY,True,trend,bypass
META,2026-04-06T15:07:29.601410+00:00,49,none,HOLD,HOLD,True,trend,bypass
COIN,2026-04-06T15:07:29.601410+00:00,49,none,BUY,BUY,True,trend,bypass
MARA,2026-04-06T15:07:29.601410+00:00,49,none,BUY,BUY,True,trend,bypass
HUT,2026-04-06T15:07:29.601410+00:00,49,none,HOLD,HOLD,True,trend,bypass
SOUN,2026-04-06T15:07:29.601410+00:00,49,none,BUY,BUY,True,trend,bypass
IREN,2026-04-06T15:07:29.601410+00:00,49,none,HOLD,HOLD,True,trend,bypass
AAPL,2026-04-06T15:07:49.601410+00:00,50,none,HOLD,HOLD,True,news_sentiment,bypass
GOOG,2026-04-06T15:07:49.601410+00:00,50,none,HOLD,HOLD,True,trend,bypass
TSLA,2026-04-06T15:07:49.601410+00:00,50,none,BUY,BUY,True,trend,bypass
NVDA,2026-04-06T15:07:49.601410+00:00,50,none,BUY,BUY,True,trend,bypass
COIN,2026-04-06T15:07:49.601410+00:00,50,none,BUY,BUY,True,trend,bypass
MARA,2026-04-06T15:07:49.601410+00:00,50,none,BUY,BUY,True,trend,bypass
SOUN,2026-04-06T15:07:49.601410+00:00,50,none,BUY,BUY,True,trend,bypass
RIOT,2026-04-06T15:07:49.601410+00:00,50,none,HOLD,HOLD,True,trend,bypass
AAPL,2026-04-06T15:08:09.601410+00:00,51,none,HOLD,HOLD,True,news_sentiment,bypass
GOOG,2026-04-06T15:08:09.601410+00:00,51,none,HOLD,HOLD,True,trend,bypass
TSLA,2026-04-06T15:08:09.601410+00:00,51,none,BUY,BUY,True,trend,bypass
NVDA,2026-04-06T15:08:09.601410+00:00,51,none,BUY,BUY,True,trend,bypass
META,2026-04-06T15:08:09.601410+00:00,51,none,HOLD,HOLD,True,trend,bypass
COIN,2026-04-06T15:08:09.601410+00:00,51,none,BUY,BUY,True,trend,bypass
MARA,2026-04-06T15:08:09.601410+00:00,51,none,BUY,BUY,True,trend,bypass
HUT,2026-04-06T15:08:09.601410+00:00,51,none,HOLD,HOLD,True,trend,bypass
SOUN,2026-04-06T15:08:09.601410+00:00,51,none,BUY,BUY,True,trend,bypass
RIOT,2026-04-06T15:08:09.601410+00:00,51,none,HOLD,HOLD,True,trend,bypass
IREN,2026-04-06T15:08:09.601410+00:00,51,none,HOLD,HOLD,True,trend,bypass
AAPL,2026-04-06T15:08:29.601410+00:00,52,none,HOLD,HOLD,True,news_sentiment,bypass
GOOG,2026-04-06T15:08:29.601410+00:00,52,none,HOLD,HOLD,True,trend,bypass
TSLA,2026-04-06T15:08:29.601410+00:00,52,none,BUY,BUY,True,trend,bypass
NVDA,2026-04-06T15:08:29.601410+00:00,52,none,BUY,BUY,True,trend,bypass
META,2026-04-06T15:08:29.601410+00:00,52,none,HOLD,HOLD,True,trend,bypass
COIN,2026-04-06T15:08:29.601410+00:00,52,none,BUY,BUY,True,trend,bypass
MARA,2026-04-06T15:08:29.601410+00:00,52,none,BUY,BUY,True,trend,bypass
HUT,2026-04-06T15:08:29.601410+00:00,52,none,HOLD,HOLD,True,trend,bypass
SOUN,2026-04-06T15:08:29.601410+00:00,52,none,BUY,BUY,True,trend,bypass
RIOT,2026-04-06T15:08:29.601410+00:00,52,none,HOLD,HOLD,True,trend,bypass
IREN,2026-04-06T15:08:29.601410+00:00,52,none,HOLD,HOLD,True,trend,bypass
AAPL,2026-04-06T15:08:49.601410+00:00,53,none,HOLD,HOLD,True,news_sentiment,bypass
GOOG,2026-04-06T15:08:49.601410+00:00,53,none,HOLD,HOLD,True,trend,bypass
TSLA,2026-04-06T15:08:49.601410+00:00,53,none,BUY,BUY,True,trend,bypass
NVDA,2026-04-06T15:08:49.601410+00:00,53,none,HOLD,HOLD,True,news_sentiment,bypass
META,2026-04-06T15:08:49.601410+00:00,53,none,HOLD,HOLD,True,trend,bypass
COIN,2026-04-06T15:08:49.601410+00:00,53,none,BUY,BUY,True,trend,bypass
SOUN,2026-04-06T15:08:49.601410+00:00,53,none,BUY,BUY,True,trend,bypass
RIOT,2026-04-06T15:08:49.601410+00:00,53,none,HOLD,HOLD,True,trend,bypass
IREN,2026-04-06T15:08:49.601410+00:00,53,none,HOLD,HOLD,True,trend,bypass
AAPL,2026-04-06T15:09:09.601410+00:00,54,none,HOLD,HOLD,True,news_sentiment,bypass
GOOG,2026-04-06T15:09:09.601410+00:00,54,none,HOLD,HOLD,True,trend,bypass
TSLA,2026-04-06T15:09:09.601410+00:00,54,none,BUY,BUY,True,trend,bypass
NVDA,2026-04-06T15:09:09.601410+00:00,54,none,HOLD,HOLD,True,news_sentiment,bypass
META,2026-04-06T15:09:09.601410+00:00,54,none,HOLD,HOLD,True,trend,bypass
COIN,2026-04-06T15:09:09.601410+00:00,54,none,BUY,BUY,True,trend,bypass
MARA,2026-04-06T15:09:09.601410+00:00,54,none,BUY,BUY,True,trend,bypass
SOUN,2026-04-06T15:09:09.601410+00:00,54,none,BUY,BUY,True,trend,bypass
RIOT,2026-04-06T15:09:09.601410+00:00,54,none,HOLD,HOLD,True,trend,bypass
IREN,2026-04-06T15:09:09.601410+00:00,54,none,HOLD,HOLD,True,trend,bypass
AAPL,2026-04-06T15:09:29.601410+00:00,55,none,HOLD,HOLD,True,news_sentiment,bypass
GOOG,2026-04-06T15:09:29.601410+00:00,55,none,HOLD,HOLD,True,trend,bypass
TSLA,2026-04-06T15:09:29.601410+00:00,55,none,BUY,BUY,True,trend,bypass
NVDA,2026-04-06T15:09:29.601410+00:00,55,none,HOLD,HOLD,True,news_sentiment,bypass
META,2026-04-06T15:09:29.601410+00:00,55,none,HOLD,HOLD,True,trend,bypass
COIN,2026-04-06T15:09:29.601410+00:00,55,none,BUY,BUY,True,trend,bypass
MARA,2026-04-06T15:09:29.601410+00:00,55,none,BUY,BUY,True,trend,bypass
HUT,2026-04-06T15:09:29.601410+00:00,55,none,HOLD,HOLD,True,trend,bypass
SOUN,2026-04-06T15:09:29.601410+00:00,55,none,BUY,BUY,True,trend,bypass
RIOT,2026-04-06T15:09:29.601410+00:00,55,none,HOLD,HOLD,True,trend,bypass
AAPL,2026-04-06T15:09:49.601410+00:00,56,none,SELL,SELL,True,news_sentiment,bypass
GOOG,2026-04-06T15:09:49.601410+00:00,56,none,HOLD,HOLD,True,trend,bypass
TSLA,2026-04-06T15:09:49.601410+00:00,56,none,BUY,BUY,True,trend,bypass
NVDA,2026-04-06T15:09:49.601410+00:00,56,none,HOLD,HOLD,True,news_sentiment,bypass
META,2026-04-06T15:09:49.601410+00:00,56,none,HOLD,HOLD,True,trend,bypass
COIN,2026-04-06T15:09:49.601410+00:00,56,none,BUY,BUY,True,trend,bypass
MARA,2026-04-06T15:09:49.601410+00:00,56,none,BUY,BUY,True,trend,bypass
HUT,2026-04-06T15:09:49.601410+00:00,56,none,HOLD,HOLD,True,trend,bypass
SOUN,2026-04-06T15:09:49.601410+00:00,56,none,BUY,BUY,True,trend,bypass
RIOT,2026-04-06T15:09:49.601410+00:00,56,none,HOLD,HOLD,True,trend,bypass
IREN,2026-04-06T15:09:49.601410+00:00,56,none,HOLD,HOLD,True,trend,bypass
AAPL,2026-04-06T15:10:09.601410+00:00,57,none,SELL,SELL,True,news_sentiment,bypass
GOOG,2026-04-06T15:10:09.601410+00:00,57,none,HOLD,HOLD,True,trend,bypass
TSLA,2026-04-06T15:10:09.601410+00:00,57,none,BUY,BUY,True,trend,bypass
NVDA,2026-04-06T15:10:09.601410+00:00,57,none,HOLD,HOLD,True,news_sentiment,bypass
META,2026-04-06T15:10:09.601410+00:00,57,none,HOLD,HOLD,True,trend,bypass
COIN,2026-04-06T15:10:09.601410+00:00,57,none,BUY,BUY,True,trend,bypass
HUT,2026-04-06T15:10:09.601410+00:00,57,none,HOLD,HOLD,True,trend,bypass
SOUN,2026-04-06T15:10:09.601410+00:00,57,none,BUY,BUY,True,trend,bypass
RIOT,2026-04-06T15:10:09.601410+00:00,57,none,HOLD,HOLD,True,trend,bypass
IREN,2026-04-06T15:10:09.601410+00:00,57,none,HOLD,HOLD,True,trend,bypass
AAPL,2026-04-06T15:10:29.601410+00:00,58,none,SELL,SELL,True,news_sentiment,bypass
GOOG,2026-04-06T15:10:29.601410+00:00,58,none,HOLD,HOLD,True,trend,bypass
TSLA,2026-04-06T15:10:29.601410+00:00,58,none,BUY,BUY,True,trend,bypass
NVDA,2026-04-06T15:10:29.601410+00:00,58,none,HOLD,HOLD,True,news_sentiment,bypass
META,2026-04-06T15:10:29.601410+00:00,58,none,HOLD,HOLD,True,trend,bypass
COIN,2026-04-06T15:10:29.601410+00:00,58,none,BUY,BUY,True,trend,bypass
MARA,2026-04-06T15:10:29.601410+00:00,58,none,BUY,BUY,True,trend,bypass
SOUN,2026-04-06T15:10:29.601410+00:00,58,none,BUY,BUY,True,trend,bypass
RIOT,2026-04-06T15:10:29.601410+00:00,58,none,HOLD,HOLD,True,trend,bypass
AAPL,2026-04-06T15:10:49.601410+00:00,59,none,SELL,SELL,True,news_sentiment,bypass
GOOG,2026-04-06T15:10:49.601410+00:00,59,none,HOLD,HOLD,True,trend,bypass
TSLA,2026-04-06T15:10:49.601410+00:00,59,none,BUY,BUY,True,trend,bypass
NVDA,2026-04-06T15:10:49.601410+00:00,59,none,HOLD,HOLD,True,news_sentiment,bypass
META,2026-04-06T15:10:49.601410+00:00,59,none,HOLD,HOLD,True,trend,bypass
COIN,2026-04-06T15:10:49.601410+00:00,59,none,BUY,BUY,True,trend,bypass
MARA,2026-04-06T15:10:49.601410+00:00,59,none,BUY,BUY,True,trend,bypass
HUT,2026-04-06T15:10:49.601410+00:00,59,none,HOLD,HOLD,True,trend,bypass
SOUN,2026-04-06T15:10:49.601410+00:00,59,none,BUY,BUY,True,trend,bypass
IREN,2026-04-06T15:10:49.601410+00:00,59,none,HOLD,HOLD,True,trend,bypass
AAPL,2026-04-06T15:11:09.601410+00:00,60,none,SELL,SELL,True,news_sentiment,bypass
GOOG,2026-04-06T15:11:09.601410+00:00,60,none,HOLD,HOLD,True,trend,bypass
TSLA,2026-04-06T15:11:09.601410+00:00,60,none,BUY,BUY,True,trend,bypass
NVDA,2026-04-06T15:11:09.601410+00:00,60,none,HOLD,HOLD,True,news_sentiment,bypass
META,2026-04-06T15:11:09.601410+00:00,60,none,HOLD,HOLD,True,trend,bypass
COIN,2026-04-06T15:11:09.601410+00:00,60,none,BUY,BUY,True,trend,bypass
MARA,2026-04-06T15:11:09.601410+00:00,60,none,BUY,BUY,True,trend,bypass
HUT,2026-04-06T15:11:09.601410+00:00,60,none,HOLD,HOLD,True,trend,bypass
RIOT,2026-04-06T15:11:09.601410+00:00,60,none,HOLD,HOLD,True,trend,bypass
IREN,2026-04-06T15:11:09.601410+00:00,60,none,HOLD,HOLD,True,trend,bypass
AAPL,2026-04-06T15:11:29.601410+00:00,61,none,SELL,SELL,True,news_sentiment,bypass
GOOG,2026-04-06T15:11:29.601410+00:00,61,none,BUY,BUY,True,trend,bypass
TSLA,2026-04-06T15:11:29.601410+00:00,61,none,BUY,BUY,True,trend,bypass
NVDA,2026-04-06T15:11:29.601410+00:00,61,none,HOLD,HOLD,True,news_sentiment,bypass
META,2026-04-06T15:11:29.601410+00:00,61,none,HOLD,HOLD,True,trend,bypass
COIN,2026-04-06T15:11:29.601410+00:00,61,none,BUY,BUY,True,trend,bypass
MARA,2026-04-06T15:11:29.601410+00:00,61,none,BUY,BUY,True,trend,bypass
HUT,2026-04-06T15:11:29.601410+00:00,61,none,HOLD,HOLD,True,trend,bypass
SOUN,2026-04-06T15:11:29.601410+00:00,61,none,BUY,BUY,True,trend,bypass
RIOT,2026-04-06T15:11:29.601410+00:00,61,none,HOLD,HOLD,True,trend,bypass
IREN,2026-04-06T15:11:29.601410+00:00,61,none,HOLD,HOLD,True,trend,bypass
AAPL,2026-04-06T15:11:49.601410+00:00,62,none,SELL,SELL,True,news_sentiment,bypass
GOOG,2026-04-06T15:11:49.601410+00:00,62,none,BUY,BUY,True,trend,bypass
TSLA,2026-04-06T15:11:49.601410+00:00,62,none,BUY,BUY,True,trend,bypass
NVDA,2026-04-06T15:11:49.601410+00:00,62,none,HOLD,HOLD,True,news_sentiment,bypass
META,2026-04-06T15:11:49.601410+00:00,62,none,HOLD,HOLD,True,trend,bypass
COIN,2026-04-06T15:11:49.601410+00:00,62,none,BUY,BUY,True,trend,bypass
MARA,2026-04-06T15:11:49.601410+00:00,62,none,BUY,BUY,True,trend,bypass
HUT,2026-04-06T15:11:49.601410+00:00,62,none,HOLD,HOLD,True,trend,bypass
SOUN,2026-04-06T15:11:49.601410+00:00,62,none,BUY,BUY,True,trend,bypass
RIOT,2026-04-06T15:11:49.601410+00:00,62,none,HOLD,HOLD,True,trend,bypass
AAPL,2026-04-06T15:12:09.601410+00:00,63,none,SELL,SELL,True,news_sentiment,bypass
TSLA,2026-04-06T15:12:09.601410+00:00,63,none,BUY,BUY,True,trend,bypass
META,2026-04-06T15:12:09.601410+00:00,63,none,HOLD,HOLD,True,trend,bypass
COIN,2026-04-06T15:12:09.601410+00:00,63,none,BUY,BUY,True,trend,bypass
MARA,2026-04-06T15:12:09.601410+00:00,63,none,BUY,BUY,True,trend,bypass
HUT,2026-04-06T15:12:09.601410+00:00,63,none,HOLD,HOLD,True,trend,bypass
SOUN,2026-04-06T15:12:09.601410+00:00,63,none,BUY,BUY,True,trend,bypass
RIOT,2026-04-06T15:12:09.601410+00:00,63,none,HOLD,HOLD,True,trend,bypass
IREN,2026-04-06T15:12:09.601410+00:00,63,none,HOLD,HOLD,True,trend,bypass
AAPL,2026-04-06T15:12:29.601410+00:00,64,none,SELL,SELL,True,news_sentiment,bypass
GOOG,2026-04-06T15:12:29.601410+00:00,64,none,BUY,BUY,True,trend,bypass
TSLA,2026-04-06T15:12:29.601410+00:00,64,none,BUY,BUY,True,trend,bypass
NVDA,2026-04-06T15:12:29.601410+00:00,64,none,HOLD,HOLD,True,news_sentiment,bypass
META,2026-04-06T15:12:29.601410+00:00,64,none,HOLD,HOLD,True,trend,bypass
COIN,2026-04-06T15:12:29.601410+00:00,64,none,BUY,BUY,True,trend,bypass
MARA,2026-04-06T15:12:29.601410+00:00,64,none,BUY,BUY,True,trend,bypass
HUT,2026-04-06T15:12:29.601410+00:00,64,none,HOLD,HOLD,True,trend,bypass
SOUN,2026-04-06T15:12:29.601410+00:00,64,none,BUY,BUY,True,trend,bypass
RIOT,2026-04-06T15:12:29.601410+00:00,64,none,HOLD,HOLD,True,trend,bypass
IREN,2026-04-06T15:12:29.601410+00:00,64,none,HOLD,HOLD,True,trend,bypass
AAPL,2026-04-06T15:12:49.601410+00:00,65,none,SELL,SELL,True,news_sentiment,bypass
GOOG,2026-04-06T15:12:49.601410+00:00,65,none,HOLD,HOLD,True,trend,bypass
TSLA,2026-04-06T15:12:49.601410+00:00,65,none,BUY,BUY,True,trend,bypass
NVDA,2026-04-06T15:12:49.601410+00:00,65,none,HOLD,HOLD,True,news_sentiment,bypass
META,2026-04-06T15:12:49.601410+00:00,65,none,HOLD,HOLD,True,trend,bypass
COIN,2026-04-06T15:12:49.601410+00:00,65,none,BUY,BUY,True,trend,bypass
MARA,2026-04-06T15:12:49.601410+00:00,65,none,BUY,BUY,True,trend,bypass
SOUN,2026-04-06T15:12:49.601410+00:00,65,none,BUY,BUY,True,trend,bypass
RIOT,2026-04-06T15:12:49.601410+00:00,65,none,HOLD,HOLD,True,trend,bypass
IREN,2026-04-06T15:12:49.601410+00:00,65,none,HOLD,HOLD,True,trend,bypass
AAPL,2026-04-06T15:13:09.601410+00:00,66,none,SELL,SELL,True,news_sentiment,bypass
GOOG,2026-04-06T15:13:09.601410+00:00,66,none,HOLD,HOLD,True,trend,bypass
TSLA,2026-04-06T15:13:09.601410+00:00,66,none,BUY,BUY,True,trend,bypass
NVDA,2026-04-06T15:13:09.601410+00:00,66,none,BUY,BUY,True,trend,bypass
META,2026-04-06T15:13:09.601410+00:00,66,none,HOLD,HOLD,True,trend,bypass
COIN,2026-04-06T15:13:09.601410+00:00,66,none,BUY,BUY,True,trend,bypass
MARA,2026-04-06T15:13:09.601410+00:00,66,none,BUY,BUY,True,trend,bypass
HUT,2026-04-06T15:13:09.601410+00:00,66,none,HOLD,HOLD,True,trend,bypass
SOUN,2026-04-06T15:13:09.601410+00:00,66,none,BUY,BUY,True,trend,bypass
IREN,2026-04-06T15:13:09.601410+00:00,66,none,HOLD,HOLD,True,trend,bypass
AAPL,2026-04-06T15:13:29.601410+00:00,67,none,SELL,SELL,True,news_sentiment,bypass
GOOG,2026-04-06T15:13:29.601410+00:00,67,none,HOLD,HOLD,True,trend,bypass
TSLA,2026-04-06T15:13:29.601410+00:00,67,none,BUY,BUY,True,trend,bypass
NVDA,2026-04-06T15:13:29.601410+00:00,67,none,BUY,BUY,True,trend,bypass
META,2026-04-06T15:13:29.601410+00:00,67,none,HOLD,HOLD,True,trend,bypass
COIN,2026-04-06T15:13:29.601410+00:00,67,none,BUY,BUY,True,trend,bypass
MARA,2026-04-06T15:13:29.601410+00:00,67,none,BUY,BUY,True,trend,bypass
HUT,2026-04-06T15:13:29.601410+00:00,67,none,HOLD,HOLD,True,trend,bypass
SOUN,2026-04-06T15:13:29.601410+00:00,67,none,BUY,BUY,True,trend,bypass
RIOT,2026-04-06T15:13:29.601410+00:00,67,none,HOLD,HOLD,True,trend,bypass
IREN,2026-04-06T15:13:29.601410+00:00,67,none,HOLD,HOLD,True,trend,bypass
AAPL,2026-04-06T15:13:49.601410+00:00,68,none,SELL,SELL,True,news_sentiment,bypass
GOOG,2026-04-06T15:13:49.601410+00:00,68,none,BUY,BUY,True,trend,bypass
TSLA,2026-04-06T15:13:49.601410+00:00,68,none,BUY,BUY,True,trend,bypass
NVDA,2026-04-06T15:13:49.601410+00:00,68,none,HOLD,HOLD,True,news_sentiment,bypass
META,2026-04-06T15:13:49.601410+00:00,68,none,HOLD,HOLD,True,trend,bypass
MARA,2026-04-06T15:13:49.601410+00:00,68,none,BUY,BUY,True,trend,bypass
HUT,2026-04-06T15:13:49.601410+00:00,68,none,HOLD,HOLD,True,trend,bypass
SOUN,2026-04-06T15:13:49.601410+00:00,68,none,BUY,BUY,True,trend,bypass
RIOT,2026-04-06T15:13:49.601410+00:00,68,none,HOLD,HOLD,True,trend,bypass
IREN,2026-04-06T15:13:49.601410+00:00,68,none,HOLD,HOLD,True,trend,bypass
AAPL,2026-04-06T15:14:09.601410+00:00,69,none,SELL,SELL,True,news_sentiment,bypass
GOOG,2026-04-06T15:14:09.601410+00:00,69,none,BUY,BUY,True,trend,bypass
TSLA,2026-04-06T15:14:09.601410+00:00,69,none,BUY,BUY,True,trend,bypass
NVDA,2026-04-06T15:14:09.601410+00:00,69,none,HOLD,HOLD,True,news_sentiment,bypass
META,2026-04-06T15:14:09.601410+00:00,69,none,HOLD,HOLD,True,trend,bypass
COIN,2026-04-06T15:14:09.601410+00:00,69,none,BUY,BUY,True,trend,bypass
MARA,2026-04-06T15:14:09.601410+00:00,69,none,BUY,BUY,True,trend,bypass
HUT,2026-04-06T15:14:09.601410+00:00,69,none,HOLD,HOLD,True,trend,bypass
SOUN,2026-04-06T15:14:09.601410+00:00,69,none,BUY,BUY,True,trend,bypass
RIOT,2026-04-06T15:14:09.601410+00:00,69,none,HOLD,HOLD,True,trend,bypass
IREN,2026-04-06T15:14:09.601410+00:00,69,none,HOLD,HOLD,True,trend,bypass
AAPL,2026-04-06T15:14:29.601410+00:00,70,none,SELL,SELL,True,news_sentiment,bypass
GOOG,2026-04-06T15:14:29.601410+00:00,70,none,BUY,BUY,True,trend,bypass
TSLA,2026-04-06T15:14:29.601410+00:00,70,none,BUY,BUY,True,trend,bypass
NVDA,2026-04-06T15:14:29.601410+00:00,70,none,HOLD,HOLD,True,news_sentiment,bypass
META,2026-04-06T15:14:29.601410+00:00,70,none,HOLD,HOLD,True,trend,bypass
COIN,2026-04-06T15:14:29.601410+00:00,70,none,BUY,BUY,True,trend,bypass
MARA,2026-04-06T15:14:29.601410+00:00,70,none,BUY,BUY,True,trend,bypass
HUT,2026-04-06T15:14:29.601410+00:00,70,none,HOLD,HOLD,True,trend,bypass
SOUN,2026-04-06T15:14:29.601410+00:00,70,none,BUY,BUY,True,trend,bypass
RIOT,2026-04-06T15:14:29.601410+00:00,70,none,HOLD,HOLD,True,trend,bypass
IREN,2026-04-06T15:14:29.601410+00:00,70,none,HOLD,HOLD,True,trend,bypass
AAPL,2026-04-06T15:14:49.601410+00:00,71,none,SELL,SELL,True,news_sentiment,bypass
GOOG,2026-04-06T15:14:49.601410+00:00,71,none,BUY,BUY,True,trend,bypass
TSLA,2026-04-06T15:14:49.601410+00:00,71,none,BUY,BUY,True,trend,bypass
MARA,2026-04-06T15:14:49.601410+00:00,71,none,BUY,BUY,True,trend,bypass
HUT,2026-04-06T15:14:49.601410+00:00,71,none,HOLD,HOLD,True,trend,bypass
SOUN,2026-04-06T15:14:49.601410+00:00,71,none,BUY,BUY,True,trend,bypass
RIOT,2026-04-06T15:14:49.601410+00:00,71,none,HOLD,HOLD,True,trend,bypass
IREN,2026-04-06T15:14:49.601410+00:00,71,none,HOLD,HOLD,True,trend,bypass
AAPL,2026-04-06T15:15:09.601410+00:00,72,none,SELL,SELL,True,news_sentiment,bypass
GOOG,2026-04-06T15:15:09.601410+00:00,72,none,HOLD,HOLD,True,trend,bypass
NVDA,2026-04-06T15:15:09.601410+00:00,72,none,HOLD,HOLD,True,news_sentiment,bypass
META,2026-04-06T15:15:09.601410+00:00,72,none,HOLD,HOLD,True,trend,bypass
COIN,2026-04-06T15:15:09.601410+00:00,72,none,BUY,BUY,True,trend,bypass
MARA,2026-04-06T15:15:09.601410+00:00,72,none,BUY,BUY,True,trend,bypass
HUT,2026-04-06T15:15:09.601410+00:00,72,none,HOLD,HOLD,True,trend,bypass
SOUN,2026-04-06T15:15:09.601410+00:00,72,none,BUY,BUY,True,trend,bypass
RIOT,2026-04-06T15:15:09.601410+00:00,72,none,HOLD,HOLD,True,trend,bypass
IREN,2026-04-06T15:15:09.601410+00:00,72,none,HOLD,HOLD,True,trend,bypass
AAPL,2026-04-06T15:15:29.601410+00:00,73,none,SELL,SELL,True,news_sentiment,bypass
GOOG,2026-04-06T15:15:29.601410+00:00,73,none,HOLD,HOLD,True,trend,bypass
TSLA,2026-04-06T15:15:29.601410+00:00,73,none,BUY,BUY,True,trend,bypass
NVDA,2026-04-06T15:15:29.601410+00:00,73,none,HOLD,HOLD,True,news_sentiment,bypass
META,2026-04-06T15:15:29.601410+00:00,73,none,HOLD,HOLD,True,trend,bypass
COIN,2026-04-06T15:15:29.601410+00:00,73,none,BUY,BUY,True,trend,bypass
MARA,2026-04-06T15:15:29.601410+00:00,73,none,BUY,BUY,True,trend,bypass
HUT,2026-04-06T15:15:29.601410+00:00,73,none,HOLD,HOLD,True,trend,bypass
IREN,2026-04-06T15:15:29.601410+00:00,73,none,HOLD,HOLD,True,trend,bypass
AAPL,2026-04-06T15:15:49.601410+00:00,74,none,SELL,SELL,True,news_sentiment,bypass
GOOG,2026-04-06T15:15:49.601410+00:00,74,none,HOLD,HOLD,True,trend,bypass
TSLA,2026-04-06T15:15:49.601410+00:00,74,none,BUY,BUY,True,trend,bypass
NVDA,2026-04-06T15:15:49.601410+00:00,74,none,BUY,BUY,True,trend,bypass
META,2026-04-06T15:15:49.601410+00:00,74,none,HOLD,HOLD,True,trend,bypass
COIN,2026-04-06T15:15:49.601410+00:00,74,none,BUY,BUY,True,trend,bypass
MARA,2026-04-06T15:15:49.601410+00:00,74,none,BUY,BUY,True,trend,bypass
HUT,2026-04-06T15:15:49.601410+00:00,74,none,HOLD,HOLD,True,trend,bypass
SOUN,2026-04-06T15:15:49.601410+00:00,74,none,BUY,BUY,True,trend,bypass
RIOT,2026-04-06T15:15:49.601410+00:00,74,none,HOLD,HOLD,True,trend,bypass
IREN,2026-04-06T15:15:49.601410+00:00,74,none,HOLD,HOLD,True,trend,bypass
AAPL,2026-04-06T15:16:09.601410+00:00,75,none,SELL,SELL,True,news_sentiment,bypass
GOOG,2026-04-06T15:16:09.601410+00:00,75,none,HOLD,HOLD,True,trend,bypass
TSLA,2026-04-06T15:16:09.601410+00:00,75,none,BUY,BUY,True,trend,bypass
NVDA,2026-04-06T15:16:09.601410+00:00,75,none,BUY,BUY,True,trend,bypass
META,2026-04-06T15:16:09.601410+00:00,75,none,HOLD,HOLD,True,trend,bypass
COIN,2026-04-06T15:16:09.601410+00:00,75,none,BUY,BUY,True,trend,bypass
MARA,2026-04-06T15:16:09.601410+00:00,75,none,BUY,BUY,True,trend,bypass
HUT,2026-04-06T15:16:09.601410+00:00,75,none,HOLD,HOLD,True,trend,bypass
RIOT,2026-04-06T15:16:09.601410+00:00,75,none,HOLD,HOLD,True,trend,bypass
IREN,2026-04-06T15:16:09.601410+00:00,75,none,HOLD,HOLD,True,trend,bypass
AAPL,2026-04-06T15:16:29.601410+00:00,76,none,SELL,SELL,True,news_sentiment,bypass
TSLA,2026-04-06T15:16:29.601410+00:00,76,none,BUY,BUY,True,trend,bypass
NVDA,2026-04-06T15:16:29.601410+00:00,76,none,BUY,BUY,True,trend,bypass
META,2026-04-06T15:16:29.601410+00:00,76,none,HOLD,HOLD,True,trend,bypass
COIN,2026-04-06T15:16:29.601410+00:00,76,none,BUY,BUY,True,trend,bypass
HUT,2026-04-06T15:16:29.601410+00:00,76,none,HOLD,HOLD,True,trend,bypass
SOUN,2026-04-06T15:16:29.601410+00:00,76,none,BUY,BUY,True,trend,bypass
IREN,2026-04-06T15:16:29.601410+00:00,76,none,HOLD,HOLD,True,trend,bypass
AAPL,2026-04-06T15:16:49.601410+00:00,77,none,SELL,SELL,True,news_sentiment,bypass
GOOG,2026-04-06T15:16:49.601410+00:00,77,none,HOLD,HOLD,True,trend,bypass
TSLA,2026-04-06T15:16:49.601410+00:00,77,none,BUY,BUY,True,trend,bypass
NVDA,2026-04-06T15:16:49.601410+00:00,77,none,HOLD,HOLD,True,news_sentiment,bypass
COIN,2026-04-06T15:16:49.601410+00:00,77,none,BUY,BUY,True,trend,bypass
MARA,2026-04-06T15:16:49.601410+00:00,77,none,BUY,BUY,True,trend,bypass
HUT,2026-04-06T15:16:49.601410+00:00,77,none,HOLD,HOLD,True,trend,bypass
SOUN,2026-04-06T15:16:49.601410+00:00,77,none,BUY,BUY,True,trend,bypass
RIOT,2026-04-06T15:16:49.601410+00:00,77,none,HOLD,HOLD,True,trend,bypass
IREN,2026-04-06T15:16:49.601410+00:00,77,none,HOLD,HOLD,True,trend,bypass
AAPL,2026-04-06T15:17:09.601410+00:00,78,none,HOLD,HOLD,True,news_sentiment,bypass
GOOG,2026-04-06T15:17:09.601410+00:00,78,none,HOLD,HOLD,True,trend,bypass
TSLA,2026-04-06T15:17:09.601410+00:00,78,none,BUY,BUY,True,trend,bypass
NVDA,2026-04-06T15:17:09.601410+00:00,78,none,BUY,BUY,True,trend,bypass
META,2026-04-06T15:17:09.601410+00:00,78,none,HOLD,HOLD,True,trend,bypass
COIN,2026-04-06T15:17:09.601410+00:00,78,none,BUY,BUY,True,trend,bypass
MARA,2026-04-06T15:17:09.601410+00:00,78,none,BUY,BUY,True,trend,bypass
HUT,2026-04-06T15:17:09.601410+00:00,78,none,HOLD,HOLD,True,trend,bypass
SOUN,2026-04-06T15:17:09.601410+00:00,78,none,BUY,BUY,True,trend,bypass
RIOT,2026-04-06T15:17:09.601410+00:00,78,none,HOLD,HOLD,True,trend,bypass
AAPL,2026-04-06T15:17:29.601410+00:00,79,none,HOLD,HOLD,True,news_sentiment,bypass
GOOG,2026-04-06T15:17:29.601410+00:00,79,none,HOLD,HOLD,True,trend,bypass
NVDA,2026-04-06T15:17:29.601410+00:00,79,none,BUY,BUY,True,trend,bypass
META,2026-04-06T15:17:29.601410+00:00,79,none,HOLD,HOLD,True,trend,bypass
COIN,2026-04-06T15:17:29.601410+00:00,79,none,BUY,BUY,True,trend,bypass
SOUN,2026-04-06T15:17:29.601410+00:00,79,none,BUY,BUY,True,trend,bypass
RIOT,2026-04-06T15:17:29.601410+00:00,79,none,HOLD,HOLD,True,trend,bypass
IREN,2026-04-06T15:17:49.601410+00:00,80,none,HOLD,HOLD,True,trend,bypass
AAPL,2026-04-06T15:17:49.601410+00:00,80,none,HOLD,HOLD,True,news_sentiment,bypass
GOOG,2026-04-06T15:17:49.601410+00:00,80,none,HOLD,HOLD,True,trend,bypass
NVDA,2026-04-06T15:17:49.601410+00:00,80,none,BUY,BUY,True,trend,bypass
META,2026-04-06T15:17:49.601410+00:00,80,none,HOLD,HOLD,True,trend,bypass
COIN,2026-04-06T15:17:49.601410+00:00,80,none,BUY,BUY,True,trend,bypass
MARA,2026-04-06T15:17:49.601410+00:00,80,none,BUY,BUY,True,trend,bypass
HUT,2026-04-06T15:17:49.601410+00:00,80,none,HOLD,HOLD,True,trend,bypass
SOUN,2026-04-06T15:18:09.601410+00:00,81,none,BUY,BUY,True,trend,bypass
RIOT,2026-04-06T15:18:09.601410+00:00,81,none,HOLD,HOLD,True,trend,bypass
IREN,2026-04-06T15:18:09.601410+00:00,81,none,HOLD,HOLD,True,trend,bypass
AAPL,2026-04-06T15:18:09.601410+00:00,81,none,HOLD,HOLD,True,news_sentiment,bypass
GOOG,2026-04-06T15:18:09.601410+00:00,81,none,BUY,BUY,True,trend,bypass
TSLA,2026-04-06T15:18:09.601410+00:00,81,none,BUY,BUY,True,trend,bypass
NVDA,2026-04-06T15:18:09.601410+00:00,81,none,HOLD,HOLD,True,news_sentiment,bypass
META,2026-04-06T15:18:09.601410+00:00,81,none,HOLD,HOLD,True,trend,bypass
COIN,2026-04-06T15:18:09.601410+00:00,81,none,BUY,BUY,True,trend,bypass
MARA,2026-04-06T15:18:09.601410+00:00,81,none,BUY,BUY,True,trend,bypass
HUT,2026-04-06T15:18:29.601410+00:00,82,none,BUY,HOLD,False,trend,bypass
SOUN,2026-04-06T15:18:29.601410+00:00,82,none,BUY,BUY,True,trend,bypass
RIOT,2026-04-06T15:18:29.601410+00:00,82,none,HOLD,HOLD,True,trend,bypass
IREN,2026-04-06T15:18:29.601410+00:00,82,none,HOLD,HOLD,True,trend,bypass
AAPL,2026-04-06T15:18:29.601410+00:00,82,none,HOLD,HOLD,True,news_sentiment,bypass
GOOG,2026-04-06T15:18:29.601410+00:00,82,none,HOLD,HOLD,True,trend,bypass
TSLA,2026-04-06T15:18:29.601410+00:00,82,none,BUY,BUY,True,trend,bypass
NVDA,2026-04-06T15:18:29.601410+00:00,82,none,HOLD,HOLD,True,news_sentiment,bypass
META,2026-04-06T15:18:29.601410+00:00,82,none,HOLD,HOLD,True,trend,bypass
COIN,2026-04-06T15:18:29.601410+00:00,82,none,BUY,BUY,True,trend,bypass
MARA,2026-04-06T15:18:29.601410+00:00,82,none,BUY,BUY,True,trend,bypass
HUT,2026-04-06T15:18:49.601410+00:00,83,none,HOLD,HOLD,True,trend,bypass
RIOT,2026-04-06T15:18:49.601410+00:00,83,none,HOLD,HOLD,True,trend,bypass
IREN,2026-04-06T15:18:49.601410+00:00,83,none,HOLD,HOLD,True,trend,bypass
